{
  "train_loss": [
    0.7656631622734654,
    0.3914480110580437,
    0.3164180296819329,
    0.26319046943694696,
    0.22241956509392838,
    0.20828844128726087,
    0.20027276246283932,
    0.192113413914353,
    0.17514006683595792,
    0.16837203923355917,
    0.15719337692177388,
    0.13151004930808283,
    0.11597187771422653,
    0.11336628081797982,
    0.10377704888096943,
    0.1002551373165686,
    0.09377034822785763,
    0.0931943554156442,
    0.0944710980005334,
    0.08657697916666039,
    0.09080423454850398,
    0.08528510439727041,
    0.08089350263491787,
    0.07214595255320642,
    0.08035095678767282
  ],
  "train_acc": [
    71.78995324301643,
    86.41649682292291,
    89.43771730008392,
    90.6845701954202,
    92.25512528473804,
    92.81860688166887,
    93.50197818007433,
    93.37009950845223,
    93.88562522479319,
    94.14938256803741,
    94.61695240378852,
    95.42021340366863,
    95.8997722095672,
    96.21148543340126,
    96.53518762738281,
    96.5711545378252,
    96.99076849298645,
    96.75098909003717,
    96.55916556767774,
    97.05071334372377,
    96.81093394077449,
    97.20656995564082,
    97.18259201534588,
    97.66215082124445,
    97.26651480637813
  ],
  "val_loss": [
    0.2488037365777739,
    0.1974827684033876,
    0.18130157765900268,
    0.15521012034652562,
    0.1445116277933977,
    0.15956386968750377,
    0.11939585573393209,
    0.12051487922796915,
    0.14196393621721487,
    0.1382984681156646,
    0.14390821832007375,
    0.11756796313010841,
    0.1143980397636756,
    0.11508512589277635,
    0.11467803842869811,
    0.11305552202373229,
    0.11119242808273083,
    0.11249726464377781,
    0.11021631628799455,
    0.11534706639907398,
    0.12130653917061529,
    0.10866972724853576,
    0.11026730482873304,
    0.1118941408897825,
    0.1107821432089476
  ],
  "val_acc": [
    91.22302158273381,
    93.48920863309353,
    94.1726618705036,
    95.43165467625899,
    95.43165467625899,
    94.82014388489209,
    96.51079136690647,
    95.97122302158273,
    95.79136690647482,
    95.68345323741008,
    96.0431654676259,
    96.43884892086331,
    96.69064748201438,
    96.72661870503597,
    96.61870503597122,
    96.97841726618705,
    96.76258992805755,
    96.79856115107914,
    96.94244604316546,
    97.01438848920863,
    96.65467625899281,
    97.0863309352518,
    96.79856115107914,
    97.05035971223022,
    96.90647482014388
  ]
}