{
  "train_loss": [
    0.5252891545437305,
    0.2490918114710014,
    0.17446965978291756,
    0.13795157181191833,
    0.10296752963614761,
    0.08443520049354011,
    0.09114965996651471,
    0.06036317228050581,
    0.07896596545414193,
    0.07258668123883591,
    0.04772020414314622,
    0.030969845077069298,
    0.018989513810836422,
    0.014254772099639535,
    0.012469482834279623
  ],
  "train_acc": [
    81.02146025656396,
    91.47584222515286,
    94.19733844862726,
    95.3962354633737,
    96.47524277664549,
    97.14662510490349,
    97.02673540342884,
    98.05778683611078,
    97.32645965711545,
    97.54226111976982,
    98.47740079127203,
    99.07684929864524,
    99.50845222395397,
    99.59237501498622,
    99.7002757463134
  ],
  "val_loss": [
    0.2432114764962388,
    0.1951053418090631,
    0.19460385028358507,
    0.19370472820839663,
    0.20652709168050137,
    0.1972977212876424,
    0.15950304203955779,
    0.1966651731234943,
    0.2794817492777974,
    0.19899743822424662,
    0.17839321669059988,
    0.1452996681655768,
    0.1431860901614726,
    0.13556221964763712,
    0.14188159195352987
  ],
  "val_acc": [
    91.90647482014388,
    93.5251798561151,
    93.9568345323741,
    93.70503597122303,
    94.06474820143885,
    94.7841726618705,
    95.39568345323741,
    94.67625899280576,
    92.94964028776978,
    94.53237410071942,
    95.35971223021583,
    96.36690647482014,
    96.33093525179856,
    96.36690647482014,
    96.36690647482014
  ]
}