{
  "train_loss": [
    0.31458290440163444,
    0.3046977374968784,
    0.337637461522328,
    0.27217456731679185,
    0.17531098664871284,
    0.10410204938878971,
    0.08883313064663005,
    0.08846645413099655,
    0.07154068999391582,
    0.0611960455841784,
    0.06646674266085029,
    0.07077484213680561,
    0.06178499558674438,
    0.055130295912801684,
    0.05146302110681843,
    0.0592710145449798
  ],
  "train_acc": [
    89.64932126696833,
    89.53619909502262,
    88.06561085972851,
    91.7420814479638,
    94.79638009049773,
    96.60633484162896,
    97.28506787330316,
    97.28506787330316,
    98.13348416289593,
    98.13348416289593,
    98.30316742081448,
    98.24660633484163,
    98.07692307692308,
    98.47285067873302,
    98.41628959276018,
    98.13348416289593
  ],
  "val_loss": [
    0.5011178230245908,
    0.8379351596037546,
    0.5984480058153471,
    0.5412059103449186,
    0.33161872811615467,
    0.3595849219709635,
    0.34195377460370463,
    0.36165679432451725,
    0.3317061065075298,
    0.32422718312591314,
    0.35269914101809263,
    0.33899209819113213,
    0.34184508708616096,
    0.3414142810118695,
    0.3209787261051436,
    0.34067742464443046
  ],
  "val_acc": [
    84.43271767810026,
    76.51715039577836,
    79.94722955145119,
    84.43271767810026,
    90.23746701846966,
    90.50131926121372,
    90.50131926121372,
    90.23746701846966,
    91.02902374670185,
    91.2928759894459,
    91.55672823218997,
    91.55672823218997,
    91.55672823218997,
    91.2928759894459,
    91.55672823218997,
    91.02902374670185
  ]
}