{
  "train_loss": [
    0.9189945855017366,
    0.7283072375132207,
    0.6059654269267545,
    0.5398186905973259,
    0.5093701202208283,
    0.4987202289717636,
    0.4983107562951201,
    0.4294180006602372,
    0.5035379941992718,
    0.44204476474288323,
    0.43095997210335113,
    0.4228966568857146,
    0.47647058446017376,
    0.38923278312516396
  ],
  "train_acc": [
    70.66299004915477,
    80.38604483874835,
    84.52223953962354,
    87.56743795707949,
    88.04699676297805,
    90.0491547776046,
    89.19793789713464,
    91.54777604603764,
    89.36578347919914,
    91.20009591176118,
    91.39191943412061,
    90.66059225512528,
    90.3848459417336,
    92.24313631459057
  ],
  "val_loss": [
    0.3515610881577963,
    0.22954216154142357,
    0.1845245100557804,
    0.16878465181965938,
    0.17322501321804934,
    0.19708868505797167,
    0.17287700944419565,
    0.1676649896577857,
    0.16345595746119132,
    0.15454347572963814,
    0.15525958190361658,
    0.16992237410326114,
    0.19834749075188035,
    0.17578112548110128
  ],
  "val_acc": [
    88.66906474820144,
    93.23741007194245,
    94.60431654676259,
    95.2158273381295,
    94.60431654676259,
    94.46043165467626,
    95.39568345323741,
    95.35971223021583,
    95.75539568345324,
    95.71942446043165,
    95.57553956834532,
    95.14388489208633,
    94.89208633093526,
    94.89208633093526
  ]
}