{
  "train_loss": [
    1.1600652850907425,
    1.016443687266317,
    0.9846624781117128,
    0.9596390764146929,
    0.9335672376941447,
    0.9028790570310249,
    0.8903436232572315,
    0.9200436314175412,
    0.8639174399476398,
    0.8577548359088971,
    0.8502737308827396,
    0.8182963816827284,
    0.8321465996033387,
    0.8421535791108434,
    0.8260316841903774,
    0.8419559291952872,
    0.7910513297808125,
    0.8292655356770731,
    0.7833808955104872,
    0.7915895307201078,
    0.8003654910458459,
    0.7620656871704307,
    0.7578321481801541,
    0.7605087729135236,
    0.7626946569630926,
    0.7750131524956546,
    0.7420342790098483,
    0.7298168322478218,
    0.7346293296507949,
    0.7181026526223654,
    0.7200090038479516,
    0.7516220239958087,
    0.7292657216504159,
    0.6916819094355535,
    0.7369451243073547,
    0.7195510909218212,
    0.6943694232067386,
    0.7440011479046152,
    0.6845039888017479,
    0.6748038782127972
  ],
  "train_acc": [
    57.16340966310994,
    64.8723174679295,
    65.87939096031651,
    67.58182472125644,
    68.64884306438077,
    69.44011509411341,
    69.69188346721016,
    68.64884306438077,
    71.15453782520082,
    70.83083563121927,
    71.44227310873995,
    72.65315909363386,
    72.49730248171682,
    72.68912600407624,
    73.15669583982736,
    71.86188706390121,
    74.57139431722815,
    73.01282819805779,
    74.73923989929266,
    75.61443472005755,
    73.9839347800024,
    75.39863325740319,
    75.9980817647764,
    75.56647883946769,
    75.30272149622347,
    75.59045677976262,
    76.29780601846302,
    76.30979498861048,
    76.89725452583623,
    77.5806258242417,
    77.31686848099748,
    76.30979498861048,
    77.0411221676058,
    77.97626183910802,
    76.92123246613116,
    77.73648243615874,
    78.56372137633377,
    76.28581704831555,
    78.87543460016785,
    79.07924709267473
  ],
  "val_loss": [
    0.825822921662495,
    0.7207383458641754,
    0.7049975556203689,
    0.6717870245719778,
    0.6633835801447945,
    0.5739249885082245,
    0.6364646533439899,
    0.559950824441581,
    0.6297042616482439,
    0.48315550301266813,
    0.5105775604987967,
    0.5766546647439058,
    0.46939222531757135,
    0.4473062544718556,
    0.4597981483086772,
    0.5433717563577082,
    0.4487586643161445,
    0.4991191062091411,
    0.4524428611514212,
    0.47491395130924796,
    0.5990393494052448,
    0.4614337811182285,
    0.48809536503649303,
    0.45838341134032984,
    0.4650458696929888,
    0.4272122735949768,
    0.5196403580150385,
    0.390604787516868,
    0.40730960572930586,
    0.37439212451378506,
    0.35811622594964915,
    0.37654099553480913,
    0.35745072416190443,
    0.36814460989045,
    0.39537020644237253,
    0.38960610638404714,
    0.36401907722840365,
    0.3539440368098774,
    0.4343859513943223,
    0.3539561854525544
  ],
  "val_acc": [
    70.61151079136691,
    74.53237410071942,
    73.5251798561151,
    76.72661870503597,
    77.6978417266187,
    79.96402877697842,
    78.56115107913669,
    81.0431654676259,
    77.5179856115108,
    82.4820143884892,
    82.4820143884892,
    81.07913669064749,
    83.48920863309353,
    85.0,
    84.38848920863309,
    80.8273381294964,
    84.49640287769785,
    82.9136690647482,
    83.70503597122303,
    82.80575539568345,
    78.05755395683454,
    83.70503597122303,
    83.48920863309353,
    83.84892086330935,
    84.31654676258992,
    85.86330935251799,
    81.94244604316546,
    88.27338129496403,
    85.68345323741008,
    87.41007194244604,
    87.84172661870504,
    87.66187050359713,
    89.1726618705036,
    87.5179856115108,
    86.72661870503597,
    87.05035971223022,
    88.45323741007195,
    87.94964028776978,
    84.49640287769785,
    88.27338129496403
  ]
}